{"cameraMode":{"drawMode":0,"name":"Shaded","section":"Shading Mode"},"sceneLighting":false,"audioPlay":false,"sceneViewState":{"m_AlwaysRefresh":false,"showFog":true,"showSkybox":false,"showFlares":true,"showImageEffects":true,"showParticleSystems":true,"showVisualEffectGraphs":true,"m_FxEnabled":true},"in2DMode":false,"pivot":{"x":-1576.84326171875,"y":232.9829864501953,"z":1887.3526611328125},"rotation":{"x":0.08388693630695343,"y":0.018535373732447625,"z":-0.001560500357300043,"w":0.9963040351867676},"size":24.160398483276368,"orthographic":false}